LISTA V1 COMPONENTES ARDUINO CURSO 17-18,,,,,,,,,,,,,,,,
,,,,,,,,,,,,,,,,
COMPRA DE COMPONENTES QUE ENTREGA EL DEPARTAMENTO 1 VEZ A CADA ALUMNO MATRICULADO,,,,,,,,,,,,,,,,
LISTA V1 COMPONENTES ARDUINO CURSO 17-18,,,,,,,,,,,,,,,,
REFERENCE,VALUE ,DESCRIPTION ,DETAIL ,QTY ,POSITION ,RS_CODE,EAGLE LIBRARY,EAGLE SUBLIBRARYS,EAGLE SIMBOL,USUAL PACKAGE NAME,RS_DESCRIPTION,,,,,
MARCO DISEÑO,,,,,,,frames,DINA4_L,,,,,,,,
C1 ,22pF (22 pico Farad) ,ceramic disc capacitor ,,,,,,,,,,,,,,
C2 ,22pF (22 pico Farad) ,ceramic disc capacitor ,,2,"C1, C2 ",.2644040,rlc,C-EU,C-EUC1206K,1206,"Condensador cerámico multicapa, Kemet,
22pF, ±5%, 50V dc SMD, C0G dieléctrico,
Carcasa 1.206",,,,,
C3 ,100nF (100 nano Farad - or 0.1 micro Farad) ,ceramic or polyester capacitor ,,,,,,,,,,,,,,
C4 ,100nF (100 nano Farad ,ceramic or polyester capacitor ,,,,,,,,,,,,,,
C6 ,100nF (100 nano Farad ,ceramic or polyester capacitor ,,,,,,,,,,,,,,
C7 ,100nF (100 nano Farad ,ceramic or polyester capacitor ,,4,"C3, C4, C6, C7 ",.0391214,rlc,C-EU,C-EUC1206K,1206,"Condensador cerámico multicapa, AVX,
100nF, ±10%, 50 V dc SMD, X7R dieléctrico,
Carcasa 1.206",,,,,
C5 ,100µF (100 micro Farad) ,electrolytic capacitor ,16volts (or more: 25v) ,,,,,,,,,,,,,
C8 ,100µF (100 micro Farad) ,electrolytic capacitor ,16volts (or more: 25v) ,2,"C5, C8 ",.7110933P,rlc,CPOL-EU,CPOL-EUE2.5-6,"Cilindrico, orificio pasante, 5 mmØ","Condensador electrolítico de aluminio RS
Pro, 100μF, ±20%, 16 V dc, Serie RS",,,,,
C9 ,10µF (10 micro Farad) ,non-polarized electrolytic capacitor ,"16volts (or more: 25v, 50v) ",1,C9 ,"0,8015445",rlc,CPOL-EU,CPOL-EUB/3528-21R (CPOL-EU),TANTALO B,"Condensador electrolítico de tántalo Kemet
T491B106K016AT, 10μF, ±10%, 16 V dc,
Encapsulado B, ESR 2,5Ω MnO2",,,,,
D1 ,1N4004 ,diode ,DO41-10 ,1,D1 ,.8430711,diode,,1N4004,Axial DO-41,"Diodo, 1N4004, 1A, 400V, DO-41, 2-Pines,
Conexión de silicio",,,,,
D2 ,1N4148 ,diode ,,,,,,,,,,,,,,
D3 ,1N4148 ,diode ,,2,"D2, D3 ",.7613473,diode ,1N4148,1N4148DO35-10 (1N4148),DO-35,"Fairchild Diodo de conmutación,
1N4148_T50A, 400mA, 100V, DO-35, 2-
Pines, Máximo de 1",,,,,
LED0 ,3 mm. ,LED ,RX verde,,,,led,LED,LED3MM,3 mm (T-1),,,,,,
LED13 ,3 mm. ,LED ,"check Pin 13, verde ",,"LED0, LED13",.8900911,led,LED,LED3MM,3 mm (T-1),"LED Broadcom, Montaje en orificio pasante,
Rojo, 626 nm, 19 mcd, 2,1 V, 45°, 3 mm
(T-1)
Verde, 568 nm, 2 mcd, 2,5 V, 40°, Serie
WP710A10L, 3 mm (T-1)",,,,,
LED1 ,3 mm. ,LED ,TX amarillo,,LED1,.8622958,led,LED,LED3MM,3 mm (T-1),"LED Kingbright, Montaje en orificio pasante,
Amarillo, 588 nm, 1,5 mcd, 2,5 V, 40°, 3
mm (T-1)",,,,,
LED14 ,3 mm. ,LED ,power rojo,2,LED14,.8134892,led,LED,LED3MM,3 mm (T-1),"LED Kingbright, Paquete de 3mm, Montaje en orificio pasante, Rojo, 625 nm, 25 mcd, 2 V, 60°, Serie Redondo, 3 mm (T-1) ",,,,,
L1 ,100µH ,leaded inductor ,axial leaded ,1,L1,812-0708,rlc,L-EU,L-EUL1812 ,1812,"Inductor de montaje en superficie bobinado TE Connectivity, 100 µH, ±10%, núcleo de Ferrita, apantallado 1812",,,,,
Q1 ,,16 MHz crystal ,,1,Q1,.6936970,crystal,CRYSTAL,CRYSTALHC49S,,"Unidad de cristal 16MHz, ±50ppm, HC-49-S,
2-Pin",,,,,
T1 ,BC547 ,Transistor ,NPN general purpose transistor ,1,T1 ,761-9822,transistor,no hay sublibreria cuidado,BC547,TO-92,"Transistor bipolar, BC547CTA, NPN 100 mA 45 V HFE:110 TO-92, 3 pines, 300 MHz, ",,,,,
T2 ,BC557 ,Transistor ,PNP general purpose transistor ,1,T2 ,761-3505,transistor-pnp,no hay sublibreria cuidado,BC557,TO-92,"Transistor bipolar, BC557BTA, PNP -100 mA -45 V HFE:110 TO-92, 3 pines, 150 MHz,",,,,,
R1 ,1kohm (1.0 kilo ohm) ,Resistor ,"1/4 Watt, ±5% ",,,,,,,,,,,,,
R2 ,1kohm (1.0 kilo ohm) ,Resistor ,"1/4 Watt, ±5% ",,,,,,,,,,,,,
R3 ,1kohm (1.0 kilo ohm) ,Resistor ,"1/4 Watt, ±5% ",,,,,,,,,,,,,
R4 ,1kohm (1.0 kilo ohm) ,Resistor ,"1/4 Watt, ±5% ",,,,,,,,,,,,,
R6 ,1kohm (1.0 kilo ohm) ,Resistor ,"1/4 Watt, ±5% ",5,"R1, R2, R3, R4, R6 ",807-1154,rlc,R-EU,R-EU_R1206,1206,"TE Connectivity, 1kO, ±5%, 0,5W, Película Gruesa, Carcasa 1.206",,,,,
R5 ,10kohms (10.0 kilo ohms) ,Resistor ,"1/4 Watt, ±5% ",,,,,,,,,,,,,
R7 ,10kohms (10.0 kilo ohms) ,Resistor ,"1/4 Watt, ±5% ",,,,,,,,,,,,,
R8 ,10kohms (10.0 kilo ohms) ,Resistor ,"1/4 Watt, ±5% ",,,,,,,,,,,,,
R10 ,10kohms (10.0 kilo ohms) ,Resistor ,"1/4 Watt, ±5% ",,,,,,,,,,,,,
R11 ,10kohms (10.0 kilo ohms) ,Resistor ,"1/4 Watt, ±5% ",5,"R5, R7, R8, R10, R11 ",807-1108,rlc,R-EU,R-EU_R1206,1206,"TE Connectivity, 10kO, ±5%, 0,5W, Película Gruesa, Carcasa 1.206 ",,,,,
R9 ,4k7ohms (4.7 kilo ohms) ,Resistor ,"1/4 Watt, ±5% ",1,R9 ,807-1252,rlc,R-EU,R-EU_R1206,1206,"TE Connectivity, 4,7kO, ±5%, 0,5W, Película Gruesa, Carcasa 1.206",,,,,
ICSP ,2x3 ,male pin header ,,1,ICSP ,,pinhead,PINHD-2X3,PINHD-2X3,"agujero pasante paso 2.54, 2 FILAS 3 PINES",,,,,,
J1 ,1x8 ,right angle pin header ,"0.1"" (or 2.54 mm.) ",,,,pinhead,PINHD-1X8,PINHD-1X8,PORT D(D0-D7) ,,,,,,
J2 ,1x6 ,right angle pin header ,"0.1"" (or 2.54 mm.) ",,,,pinhead,PINHD-1X6,PINHD-1X6,PORT C(A0-A5) ,,,,,,
J3 ,1x8 ,right angle pin header ,"0.1"" (or 2.54 mm.) ",,,,pinhead,PINHD-1X8,PINHD-1X8,PORT B(D8-D13) ,,,,,,
JP0 ,1x3 ,right angle pin header ,"0.1"" (or 2.54 mm.) ",,,,jumper,,JP2E,SERIAL ENABLE,,,,,,
JP4 ,1x2 ,right angle pin header ,"0.1"" (or 2.54 mm.) ",,,,jumper,,JP1E,AUTO RESET ,,,,,,
JP5,1x2 ,right angle pin header ,"0.1"" (or 2.54 mm.) ",,,,jumper,,JP1E,DTR,,,,,,
JP6,1x2 ,right angle pin header ,"0.1"" (or 2.54 mm.) ",,,,jumper,,JP1E,RX,,,,,,
JP7,1x2 ,right angle pin header ,"0.1"" (or 2.54 mm.) ",,,,jumper,,JP1E,TX,,,,,,
J5,1x6 ,right angle pin header ,"0.1"" (or 2.54 mm.) ",,,,pinhead,PINHD-1X6,PINHD-1X6,USBtoTTL_FT232RL,,,,,,
,,,,,,,,,,,,,,,,
J4,1x6 ,right angle pin header ,,,,,pinhead,PINHD-1X6,PINHD-1X6,POWER,,,,,,
JP1,1x2 ,right angle pin header ,"0.1"" (or 2.54 mm.) ",1,"JP1,J1,J2,J 3, J4,J5, JP0,JP4 , JP6, JP7,  POWER, ICSP 47 PINES","0,0156049",jumper,,JP1E,"agujero pasante paso 2.54, hacen falta 56 terminales","Conector macho para PCB Stelvio Kontek
Recto 40 pines 1 fila paso 2.54mm,
Terminación Soldada",,,,,
,,,,,,,,,,,,,,,,
jumper 2 pines,,"0.1"" (or 2.54 mm.) ",,6,"Jumpers   para JP0, JP1, JP4, JP6 Y JP7",.6742397,,,,"hembra, paso 2.54, 6 JUMPERS POR CIRCUITO","Jumper ASSMANN WSW AKSCT/Z BLACK,
Recto, Hembra, Negro, Parte superior
cerrada, 2 contactos, 1 fila, 2.54mm",,,,,
JP2,,"Conector 2 pines, inserción simulado con dos cables paso 2.54",,1,DC1 ,,pinhead,PINHD-1X2,PINHD-1X2,"Conector 2 pines inserción paso 2.54mm, simulado con dos cables soldados",,,,,,
IC1 zocalo,,zocalo atemega 328,DIL-28,,,.6742498,Esto es para el IC1_poner IC1,,,ZOCALO DIL-28,"Zócalo DIL ASSMANN WSW, 2.54mm, anch.
7.62mm, 28 contactos, Orificio Pasante, Pin
de Torneado, 3A, Vertical",,,,,CON IVA
,,,,,,,,,,,,,,,,0
,,,,,,,,,,,,,,,,
COMPRA DE COMPONENTES POR PARTE DE LOS ALUMNOS,,,,,,,,,,,,,,,,
"SI SE COMPRA EN TIENDA HAY QUE DECIR NÓ SOLO TIPO DE COMPONENTE Y ENCAPSULADO,  SINO TAMBIÉN EN EL DB-9, INSERCIÓN EN ANGULO RECTO, HEMBRA.",,,,SUMINISTRADOR,,,,,,ENCAPSULADO,OTRA INFORMACIÓN IMPORTANTE,,,,,
IC2 ,7805C ,Tension Regulator ,,RS AMIDATA,IC2 ,298-8514,linear,78*,7805TV,TO-220,"Regulador de tensión lineal, L7805CV, 1.5A 5 V TO-220 3 pines",,,,,
X1 ,9 PIN FEMALE RIGHT ANGLE PC MOUNT ,D-SUB CONNECTOR ,DE-9 CONNECTOR ,RS AMIDATA,X1,739-0763,con_subd,F09,F09H ,DB-9 angulo recto hembra,"Conector D-sub PCB TE Connectivity, Serie AMPLIMITE HD-20, Ángulo recto, Montaje en panel Mount, Hembra",,,,,
IC1 ,,ATMEGA328P-PU,28P3 package ,RS AMIDATA,IC1 ,922-2142,atmel,AT90S4433,AT90S4433P,DIL-28,"ATMEGA328P-PU, AVR CPU 8 bit 2 kB RAM, 32 kB Flash, PDIP 28 pines 20MHz. Ancho 7.49mm",,,,,MINIMA COMPRA 5. 11 EUROS
,,,,,,,,,,,,,,,,
,,,,,,,,,,,,,,,,CON IVA
,,,,,,,,,,,USBtoTTL_FT232RL que es compatible con el circuito “FTDI FT232RL USB to TTL Serial Converter Adapter Module 5V 3.3V For Arduino”.,,,,,0
,,,,,,,,,,,,,,,,
,,,,,,,,,,,,,,,,
,,,,,,,,,,,,,,,,
"En esta situación si al finál tienen que comprar todos las tarjetas fuera, aconsejamos las siguientes marcas, de las cuales indicamos los vendedores. Es probable que existan otras marcas con calidad equivalente o mejor que estas. Pero hasta día de hoy estas dos marcas no nos han dado problemas, aunque son un poco más caras que otras.",,,,,,,,,,,,,,,,
,,,,,,,,,,,,,,,,
"COMPRA DE UNA PLACA  DE PCB FR4, 1.6 mm espesor, CON RESINA FOTOSENSIBLE DOBLE CARA",,,,,,,,,,,"TAMAÑO MÍNIMO APROXIMADO POR ALUMNO 150MM X 80MM PARA DOS PRUEBAS DE FABRICACIÓN, PARA UNA SÓLA PRUEBA SERÍA MÁS O MENOS LA MITAD",,,,,
,,MARCA FABRICANTE PCB,"No todos los fabricantes son iguales, los baratos habitualmente dan más problemas que los caros, y la diferencia es mínima 1 o 2 euros por alumno",,,,,,,,,,,,,
PLACA,PLACA PCB,fotomechanix,SUMINSTRADOR,RS,,397-0126,,,,220x100,"Placa Fotorresistente, FB2-100X220D, Doble Cara, FR4, Grosor del Cobre 35μm, 220 x 100 x 1.6mm",,,,,PARA 1 o 2 alumnos 11x10
PLACA,PLACA PCB,fotomechanix,SUMINSTRADOR,RS,,397-0211,,,,600x200,"Placa Fotorresistente, FB2-200X600D, Doble Cara, FR4, Grosor del Cobre 35µm, 600 x 200 x 1.6mm",,,,,PARA 8 alumnos 15x10
,,BUNGARD,SUMINSTRADOR,TIENDA CONECTROL,Calle Jorge Juan 57 y 58,,,,,100X150,Placa doble cara con resina fotosensible. 1.6 mm espesor,,,,,PARA 1 alumnos 15x10
,BUNGARD,LA PLACA BUNGARD SE PUEDE COMPRAR EN TAMAÑOS GRANDES AL DISTRIBUIDOR EN ESPAÑA A CIRCUITOS ELECTRONICOS GRANOLLERS http://www.ce-granollers.com/,,,,,,,,,,,,,,
